,precision,recall,f1-score,support
Normal,1.0,1.0,1.0,300.0
Fault-1,1.0,1.0,1.0,300.0
Fault-2,1.0,1.0,1.0,300.0
Fault-3,1.0,1.0,1.0,300.0
Fault-4,1.0,0.99,0.9949748743718593,300.0
Fault-5,0.9900990099009901,1.0,0.9950248756218906,300.0
Fault-6,1.0,1.0,1.0,300.0
accuracy,0.9985714285714286,0.9985714285714286,0.9985714285714286,0.9985714285714286
macro avg,0.9985855728429985,0.9985714285714286,0.99857139285625,2100.0
weighted avg,0.9985855728429985,0.9985714285714286,0.9985713928562499,2100.0
