,precision,recall,f1-score,support
Normal,1.0,0.9966666666666667,0.998330550918197,300.0
Fault-1,0.9966777408637874,1.0,0.9983361064891847,300.0
Fault-2,1.0,1.0,1.0,300.0
Fault-3,1.0,1.0,1.0,300.0
Fault-4,0.9801980198019802,0.99,0.9850746268656716,300.0
Fault-5,0.98989898989899,0.98,0.9849246231155779,300.0
Fault-6,1.0,1.0,1.0,300.0
accuracy,0.9952380952380953,0.9952380952380953,0.9952380952380953,0.9952380952380953
macro avg,0.9952535357949653,0.9952380952380953,0.9952379867698046,2100.0
weighted avg,0.9952535357949654,0.9952380952380953,0.9952379867698042,2100.0
